車庫,車型,廠牌,車名
圓帽山會所,機車,,神行客
圓帽山會所,,,裝甲戰車
圓帽山會所,,,李維
圓帽山會所,,,斬屍者
圓帽山會所,,,旋渦
圓帽山會所,,,碳纖RS型
圓帽山會所,,,威德
圓帽山會所,,,聖者之行
圓帽山會所,,,正太郎
圓帽山會所,,,猛衝
日蝕大樓九號,,,泰皮斯達
日蝕大樓九號,,歐斯洛,放逐者
日蝕大樓九號,,,XA-21
辦公室一樓車庫,,,迪布達
辦公室一樓車庫,,悠遊,行者LE裝甲
辦公室一樓車庫,,悠遊,行者LE長軸裝甲
辦公室一樓車庫,,悠遊,行者STD
辦公室一樓車庫,,悠遊,行者ST
辦公室一樓車庫,,,乘風改裝款
辦公室一樓車庫,,絕品,密語
辦公室一樓車庫,,絕品,瑞巴拉GTS
辦公室一樓車庫,,絕品,瑞巴拉GTS
辦公室一樓車庫,,絕品,SC1
辦公室一樓車庫,,絕品,萊茵哈特
辦公室一樓車庫,,絕品,經典衛士寬體版
辦公室一樓車庫,,,反叛者
辦公室一樓車庫,,,安旅者II
辦公室一樓車庫,,,塔霍馬轎跑版
辦公室一樓車庫,,,莎夫特長軸車裝甲
辦公室一樓車庫,,,莎夫特V12裝甲
辦公室一樓車庫,,,XLS裝甲
辦公室一樓車庫,,,300R
辦公室一樓車庫,,,尼羅
辦公室二樓車庫,,埃努斯,神祗
辦公室二樓車庫,,埃努斯,斯塔福德
辦公室二樓車庫,,埃努斯,至尊慧眼55裝甲
辦公室二樓車庫,,埃努斯,至尊慧眼裝甲
辦公室二樓車庫,,埃努斯,帕拉岡Ｒ
辦公室二樓車庫,,埃努斯,帕拉岡Ｒ裝甲
辦公室二樓車庫,,培羅,T20
辦公室二樓車庫,,培羅,T20
辦公室二樓車庫,,,騎兵XL
辦公室二樓車庫,,,義塔力GTB改裝款
辦公室二樓車庫,,埃努斯,溫德莎
辦公室二樓車庫,,埃努斯,斯塔福德
辦公室二樓車庫,,,GP1
辦公室二樓車庫,,,LM87
辦公室二樓車庫,,,S80RR
辦公室二樓車庫,,,PR4
辦公室二樓車庫,,,BR8
辦公室二樓車庫,,,DR1
辦公室二樓車庫,,,R88
辦公室二樓車庫,,,BR8
辦公室三樓車庫,,威皮,卡拉卡拉四驅車
辦公室三樓車庫,,威皮,斯拉姆貨車
辦公室三樓車庫,,威皮,守護者
辦公室三樓車庫,,威皮,閃光GT
辦公室三樓車庫,,威皮,卡拉卡拉
辦公室三樓車庫,,威皮,爭奪者
辦公室三樓車庫,,,強滅捌
辦公室三樓車庫,,威皮,阿留申
辦公室三樓車庫,,,威恩奇
辦公室三樓車庫,,,FMJ
辦公室三樓車庫,,,龐特赫
辦公室三樓車庫,,,公路霸者ＧＴ
辦公室三樓車庫,,,泰攀
辦公室三樓車庫,,非凡,風情D10
辦公室三樓車庫,,非凡,風情D10
辦公室三樓車庫,,,克里克
辦公室三樓車庫,,,克里克威根
辦公室三樓車庫,,,布里格姆
辦公室三樓車庫,,,科學怪人
設施車庫,,,半履戰車
設施車庫,,,夜鯊
設施車庫,,,武裝坦帕
設施車庫,,,APC
設施車庫,,,威嚇者
設施車庫,,,叛亂份子貨車
設施車庫,,,勃拉吉
設施車庫,,,鎮暴載具
設施車庫,,,黑神
設施車庫,,,TM-02短劍
夜總會入口,,,羅斯福
夜總會二樓,,佩嘉西,伊格納斯
夜總會二樓,,佩嘉西,泰澤拉克
夜總會二樓,,佩嘉西,鬥牛XO
夜總會二樓,,佩嘉西,佐盧索
夜總會二樓,,佩嘉西,奧西里斯
夜總會二樓,,佩嘉西,泰皮斯達
夜總會二樓,,佩嘉西,奔牛
夜總會二樓,,佩嘉西,鬥牛
夜總會二樓,,佩嘉西,死神
夜總會二樓,,佩嘉西,桑托勞
夜總會三樓,,菲斯特,霓虹
夜總會三樓,,菲斯特,怒吼者
夜總會三樓,,菲斯特,艾斯創
夜總會三樓,,菲斯特,811敞篷
夜總會三樓,,菲斯特,陸上彗星仿古改裝款
夜總會三樓,,菲斯特,陸上彗星狩獵
夜總會三樓,,菲斯特,陸上彗星SR
夜總會三樓,,菲斯特,陸上彗星
夜總會三樓,,菲斯特,陸上彗星S2敞篷版
夜總會三樓,,菲斯特,陸上彗星S2
夜總會四樓,,傲弗拉,齊諾
夜總會四樓,,傲弗拉,獨霸者
夜總會四樓,,傲弗拉,獨裁者
夜總會四樓,,傲弗拉,本質XXR
夜總會四樓,,傲弗拉,本質MT
夜總會四樓,,,焰魔狼
夜總會四樓,,特盧菲,瑟雷斯
夜總會四樓,,特盧菲,尼羅改裝款
夜總會四樓,,特盧菲,靈蛇
夜總會四樓,,特盧菲,Z-type
鬥技場一樓,,蘭帕達堤,歌姬
鬥技場一樓,,蘭帕達堤,辛昆密拉
鬥技場一樓,,蘭帕達堤,猛獸300寬體版
鬥技場一樓,,蘭帕達堤,諾瓦克
鬥技場一樓,,蘭帕達堤,古茂田
鬥技場一樓,,蘭帕達堤,虎獅
鬥技場一樓,,蘭帕達堤,歌姬
鬥技場一樓,,蘭帕達堤,佳士可
鬥技場一樓,,,脫普斯拉力
鬥技場二樓,,,象甲改裝款
鬥技場二樓,,,維勒斯
鬥技場二樓,,,史葛迪
鬥技場二樓,,,曼切茲偵查
鬥技場二樓,,,薩巴
鬥技場二樓,,,超燃衝壓
鬥技場二樓,,,象甲
鬥技場二樓,,,卡馬喬 敞篷
鬥技場二樓,,,暴君
賭場空中別墅,,浪子,JB700
賭場空中別墅,,,格倫戴爾改裝款
賭場空中別墅,,,輓歌仿古改裝款
賭場空中別墅,,,瓦格納
賭場空中別墅,,,經典疾速GT
賭場空中別墅,,,冠軍
賭場空中別墅,,,史必特改裝款
賭場空中別墅,,,輓歌RH8
賭場空中別墅,,,JB700
賭場空中別墅,,,柒-70
街機舖,警車,,史塔尼亞LE巡邏車
街機舖,,,史塔尼亞LE巡邏車
街機舖,,,無標識巡邏車
街機舖,,,鐵腕截擊者
街機舖,,,鐵腕截擊者
街機舖,,,鐵腕截擊者
街機舖,,,鐵腕截擊者
街機舖,,,鐵腕截擊者
街機舖,,,穿刺者SZ巡航者
街機舖,,,史塔尼亞LE巡邏車
改裝舖,,,費甲歐現代版
改裝舖,,,現代維陶
改裝舖,,,經典維陶
改裝舖,,,警用機車
改裝舖,,,國家公園警用車
改裝舖,,絕致,活力夠ZX
改裝舖,,絕致,活力夠ZX
改裝舖,,絕致,活力夠ZX
改裝舖,,絕致,活力夠ZX敞篷版
改裝舖,,絕致,沙灘急救車
事務所,,,皇禧
事務所,,奧北,8F尾流王者
事務所,,奧北,8F尾流王者
事務所,,奧北,艾-維根
事務所,,奧北,9F
事務所,,奧北,9F敞篷版
事務所,,奧北,10F寬體版
事務所,,奧北,10F
事務所,,奧北,全路線尊者e-GT
事務所,,奧北,全路線尊者e-GT
事務所,,奧北,全路線尊者
事務所,,巨象,軍事級愛國者
事務所,,巨象,軍事級愛國者
事務所,,,SM722
事務所,,,風流海盜改裝款 敞篷
事務所,,奧北,密探Ｓ
事務所,,,蝗蟲
事務所,,,特米努斯
事務所,,,德拉古爾
日蝕31號公寓,,丁卡,後奏曲
日蝕31號公寓,,丁卡,環狀ＳＪ
日蝕31號公寓,,丁卡,小丑ＲＲ
日蝕31號公寓,,丁卡,斯國一
日蝕31號公寓,,丁卡,RT3000
日蝕31號公寓,,,歐羅斯
日蝕31號公寓,,歐斯洛,美德
日蝕31號公寓,,歐斯洛,龍捲風
日蝕31號公寓,,歐斯洛,熾烈
日蝕31號公寓,,歐斯洛,施特龍貝格
日蝕40號公寓,,冒險家,女妖900R敞篷
日蝕40號公寓,,冒險家,瀾波改裝款
日蝕40號公寓,,冒險家,格林伍德
日蝕40號公寓,,冒險家,猛牛STX
日蝕40號公寓,,冒險家,霜碧猛牛
日蝕40號公寓,,冒險家,女妖
日蝕40號公寓,,冒險家,猛牛STX
日蝕40號公寓,,冒險家,猛牛EVX
日蝕40號公寓,,冒險家,猛牛EVX
日蝕40號公寓,,冒險家,朵拉多
日蝕車庫1樓,,,龐特赫
日蝕車庫1樓,,,百老匯
日蝕車庫1樓,,,艾斯創
日蝕車庫1樓,,,陸上彗星SR
日蝕車庫1樓,,,尼歐
日蝕車庫1樓,,,瑟雷斯
日蝕車庫1樓,,,明日之星改裝款 敞篷
日蝕車庫1樓,,,法加洛亞
日蝕車庫1樓,,,本質XF
日蝕車庫1樓,,,怒吼者
日蝕車庫2樓,,,嗨羚地獄之火
日蝕車庫2樓,,,雷電
日蝕車庫2樓,,,經典煉獄魔
日蝕車庫2樓,,,天威拉力
日蝕車庫2樓,,,沃許雷鐵鎚
日蝕車庫2樓,,,FCR 1000改裝款
日蝕車庫2樓,,,烈焰就生型
日蝕車庫2樓,,,天威跑車
日蝕車庫2樓,,,科學怪人
日蝕車庫2樓,,,瓦爾頓L35
日蝕車庫3樓,,,巨獸都市
日蝕車庫3樓,,,忍
日蝕車庫3樓,,,伏翼
日蝕車庫3樓,,,奔馳者
日蝕車庫3樓,,,威特
日蝕車庫3樓,,,迷失者
日蝕車庫3樓,,,穿刺者SZ
日蝕車庫3樓,,,奧西里斯
日蝕車庫3樓,,,全路線尊者
日蝕車庫3樓,,,洛聖都車聚小丑RR
日蝕車庫4樓,,,尤多拉
日蝕車庫4樓,,,穿刺者LX
日蝕車庫4樓,,,陸上彗星狩獵
日蝕車庫4樓,,,嗨羚劍齒虎
日蝕車庫4樓,,,夜鯊
日蝕車庫4樓,,,密語
日蝕車庫4樓,,,獵豹
日蝕車庫4樓,,,優勝美地藍徹
日蝕車庫4樓,,,戰兵
日蝕車庫5樓,,英奔堤,死亡公爵
日蝕車庫5樓,,,德路克索
日蝕車庫5樓,,,滅世暴徒ZZ-8
日蝕車庫5樓,,,披薩小子
日蝕車庫5樓,,,肯特利Ｓ
日蝕車庫5樓,,,陸上彗星S2敞篷版
日蝕車庫5樓,,,鐵腕地獄之火
日蝕車庫5樓,,,斯國一
日蝕車庫5樓,,,歐羅斯X32
日蝕車庫5樓,,,懲戒者
保釋辦公室,,,鬧鬼靈車
保釋辦公室,,,羅斯福勇氣
成衣工廠,,,恩威賽吉
成衣工廠,,,女妖GTS
成衣工廠,,,帕拉岡Ｓ
成衣工廠,,,朵拉多巡航者
成衣工廠,,,格林伍德巡航者
成衣工廠,,,穿刺者LX巡航者
成衣工廠,,,卡拉卡拉追擊者
成衣工廠,,,特米努斯巡邏者
成衣工廠,,,尼俄伯
成衣工廠,,,鋼骨靈車
通瓦別墅,,,風情D10追擊者
通瓦別墅,,,武裝伊格納斯
通瓦別墅,,,正義使者
通瓦別墅,,,戰兵
通瓦別墅,,,艾默瑞斯
通瓦別墅,,,全路線尊者e-GT
通瓦別墅,,,義塔力GTO
通瓦別墅,,,撞惡
通瓦別墅,,,披治Ｒ
通瓦別墅,,,義塔力RSX
通瓦別墅,,,X80概念款
通瓦別墅,,,幻象
通瓦別墅,,,史汀格TT
通瓦別墅,,,經典獵豹
通瓦別墅,,,披治崇敬
通瓦別墅,,,猛獸GTS
通瓦別墅,,,屌王3600LX
通瓦別墅,,,月光改裝款
通瓦別墅,,,活力夠ZX
通瓦別墅,,,經典小丑
利金曼莊園,,,衛士GTS
利金曼莊園,,,美德
利金曼莊園,,,鬱金香M100
利金曼莊園,,,神祗
利金曼莊園,,,亡命之徒
利金曼莊園,,,沙丘FAV
利金曼莊園,,,力衝
利金曼莊園,,,愛國者加長禮車
利金曼莊園,,,拉斯頓
利金曼莊園,,,追捕者XL
利金曼莊園,,,嗨羚艾維爾隆
利金曼莊園,,,維瓦尼特
利金曼莊園,,,經典王者
利金曼莊園,,,經典王者RS
利金曼莊園,,,鐵尼高改裝款
利金曼莊園,,,福多GTX
利金曼莊園,,,普雷恩
利金曼莊園,,,莽漢
利金曼莊園,,,S95